菜名,价格,食堂,楼层,窗口,时间
牛肉面,12,第二食堂,二楼,1,bc
鸭肉拉面,8,第二食堂,二楼,1,bc
麻酱面,10,第二食堂,二楼,1,bc
饸饹面,12,第二食堂,二楼,1,bc
油泼面,10,第二食堂,二楼,1,bc
牛肉饺子,15,第二食堂,二楼,1,bc
羊肉饺子,18,第二食堂,二楼,1,bc
羊肉烩面,16,第二食堂,二楼,1,bc
烤鸭饭,13.8,第二食堂,二楼,3,bc
鸡趴饭,12.8,第二食堂,二楼,3,bc
广式腊肠饭,14.8,第二食堂,二楼,3,bc
白切鸡饭,12.8,第二食堂,二楼,3,bc
鸭腿饭,11.8,第二食堂,二楼,3,bc
蜜汁叉烧饭,13.8,第二食堂,二楼,3,bc
奥尔良烤鸡饭,12.8,第二食堂,二楼,3,bc
口水鸡饭,13.8,第二食堂,二楼,3,bc
隆江猪脚饭,15.8,第二食堂,二楼,3,bc
韩式土豆煎蛋饭,10.8,第二食堂,二楼,4,bc
外婆菜炒蛋饭,11.8,第二食堂,二楼,4,bc
香酥鸡柳饭,12.8,第二食堂,二楼,4,bc
碳烤鸭腿饭,12.8,第二食堂,二楼,4,bc
奥尔良鸡腿饭,13.8,第二食堂,二楼,4,bc
烤肉鸡柳双拼饭,14,第二食堂,二楼,4,bc
糖醋小酥肉饭,13.8,第二食堂,二楼,4,bc
川香炒鸡饭,13.8,第二食堂,二楼,4,bc
韩式鸡块饭,13.8,第二食堂,二楼,4,bc
湖南小炒肉,13.8,第二食堂,二楼,4,bc
蜜汁烤肉饭,14,第二食堂,二楼,4,bc
卤香猪脚饭,15.8,第二食堂,二楼,4,bc
牛杂刀削面,13,第二食堂,二楼,5,bc
羊杂刀削面,13,第二食堂,二楼,5,bc
酸菜肉丝面,11,第二食堂,二楼,5,bc
牛油油泼面,13,第二食堂,二楼,5,bc
鸡块麻酱拌面,12,第二食堂,二楼,5,bc
排骨麻酱拌面,12,第二食堂,二楼,5,bc
麻酱拌面,10,第二食堂,二楼,5,bc
牛肉麻酱拌面,13,第二食堂,二楼,5,bc
鸡块油泼面,12,第二食堂,二楼,5,bc
蛋炒饼,12,第二食堂,二楼,5,bc
肉炒饼,12,第二食堂,二楼,5,bc
肥羊炒饼,14,第二食堂,二楼,5,bc
肥牛炒饼,14,第二食堂,二楼,5,bc
牛肉炒饼,14,第二食堂,二楼,5,bc
鱼香肉丝炒面,13,第二食堂,二楼,5,bc
孜然鸡蛋炒面,12,第二食堂,二楼,5,bc
孜然鸡肉炒面,12,第二食堂,二楼,5,bc
尖椒肉丝炒面,13,第二食堂,二楼,5,bc
蛋炒面,12,第二食堂,二楼,5,bc
肉炒面,12,第二食堂,二楼,5,bc
牛肉炒面,14,第二食堂,二楼,5,bc
肥牛炒面,14,第二食堂,二楼,5,bc
砂锅面/粉,10,第二食堂,二楼,5,bc
砂锅牛肉面/粉,11,第二食堂,二楼,5,bc
砂锅排骨面/粉,11,第二食堂,二楼,5,bc
砂锅肥牛面/粉,11,第二食堂,二楼,5,bc
砂锅肥羊面/粉,11,第二食堂,二楼,5,bc
砂锅鸡蛋面/粉,11,第二食堂,二楼,5,bc
过桥米线,13,第二食堂,二楼,5,bc
麻辣烫,18.8,第二食堂,二楼,6,bc
麻辣拌,19.8,第二食堂,二楼,6,bc
麻辣香锅,19.8,第二食堂,二楼,6,bc
小火锅,19.8,第二食堂,二楼,6,bc
酱大骨土豆泥拌饭,15.8,第二食堂,二楼,9,bc
鸭腿土豆泥拌饭,14.8,第二食堂,二楼,9,bc
手撕鸡土豆泥拌饭,13.8,第二食堂,二楼,9,bc
蜜汁土豆泥拌饭,13.8,第二食堂,二楼,9,bc
辣子鸡土豆泥拌饭,13.8,第二食堂,二楼,9,bc
奥尔良土豆泥拌饭,11.8,第二食堂,二楼,9,bc
黑椒土豆泥拌饭,11.8,第二食堂,二楼,9,bc
双拼土豆泥拌饭,15.8,第二食堂,二楼,9,bc
柠檬土豆泥拌饭,13.8,第二食堂,二楼,9,bc
犟骨面,15.8,第二食堂,二楼,9,bc
番茄小酥肉面,12.8,第二食堂,二楼,9,bc
羊杂面,13,第二食堂,二楼,9,bc
藤椒鸡拌面,11.8,第二食堂,二楼,9,bc
炸酱鸡拌面,11.8,第二食堂,二楼,9,bc
香辣鸡拌面,11.8,第二食堂,二楼,9,bc
黑椒鸡拌面,11.8,第二食堂,二楼,9,bc
蜜汁鸡拌面,11.8,第二食堂,二楼,9,bc
奥尔良鸡拌面,11.8,第二食堂,二楼,9,bc
老北京麻酱汤面,12.8,第二食堂,二楼,9,bc
津门狮子头面,12.8,第二食堂,二楼,9,bc
时蔬焖面,8.9,第二食堂,二楼,10,bc
地三鲜焖面,10.9,第二食堂,二楼,10,bc
火腿煎蛋焖面,11.9,第二食堂,二楼,10,bc
番茄煎蛋焖面,11.9,第二食堂,二楼,10,bc
肉沫薯条焖面,11.9,第二食堂,二楼,10,bc
黄金小酥肉焖面,12.9,第二食堂,二楼,10,bc
手打肉丸焖面,12.9,第二食堂,二楼,10,bc
奥尔良鸡块焖面,13.9,第二食堂,二楼,10,bc
腊肉薯条焖面,13.9,第二食堂,二楼,10,bc
韩式五花肉焖面,14.9,第二食堂,二楼,10,bc
大块排骨焖面,15.9,第二食堂,二楼,10,bc
约翰大叔汉堡,13.8,第二食堂,二楼,,bc
红糖馒头,1.5,第二食堂,一楼,3,a
油条,1.5,第二食堂,一楼,3,a
茶叶蛋,1.5,第二食堂,一楼,3,a
烧麦,1.5,第二食堂,一楼,3,a
煎饺,2,第二食堂,一楼,3,a
油酥饼,2,第二食堂,一楼,3,a
豆腐脑,2,第二食堂,一楼,3,a
白糖饼,2,第二食堂,一楼,3,a
豆浆,2,第二食堂,一楼,3,a
紫薯卷,2.5,第二食堂,一楼,3,a
卷饼,3,第二食堂,一楼,3,a
酱香饼,3,第二食堂,一楼,3,a
发糕,3,第二食堂,一楼,3,a
火腿鸡蛋饼,4,第二食堂,一楼,3,a
酸奶麻花,4,第二食堂,一楼,3,a
玉米,4,第二食堂,一楼,3,a
手抓饼,4,第二食堂,一楼,3,a
糯米鸡,4.5,第二食堂,一楼,3,a
饭团,4.5,第二食堂,一楼,3,a
牛肉饼,5,第二食堂,一楼,3,a
麦兜馅饼,5,第二食堂,一楼,3,a
炒饭,5,第二食堂,一楼,3,a
肉夹馍,6,第二食堂,一楼,3,a
炒面,6,第二食堂,一楼,3,a
炒拉面,6,第二食堂,一楼,3,a
猪肉大葱水饺,13,第二食堂,一楼,1,bc
猪肉白菜水饺,13,第二食堂,一楼,1,bc
猪肉茴香水饺,13,第二食堂,一楼,1,bc
猪肉芹菜水饺,13,第二食堂,一楼,1,bc
猪肉香菇水饺,13,第二食堂,一楼,1,bc
鲜肉玉米水饺,13,第二食堂,一楼,1,bc
肉三鲜水饺,14,第二食堂,一楼,1,bc
纯肉馄饨,10,第二食堂,一楼,1,bc
肉三鲜馄饨,10,第二食堂,一楼,1,bc
香菇鲜肉馄饨,10,第二食堂,一楼,1,bc
玉米鲜肉馄饨,10,第二食堂,一楼,1,bc
纯肉小馄饨,8,第二食堂,一楼,1,bc
鲜肉小笼包,6,第二食堂,一楼,2,abc
鲜肉玉米蒸饺,5,第二食堂,一楼,2,abc
鲜肉包,2,第二食堂,一楼,2,abc
鲜肉水煎包,2,第二食堂,一楼,2,abc
奥尔良鸡肉包,2,第二食堂,一楼,2,abc
梅菜酱肉包,2,第二食堂,一楼,2,abc
素三鲜包,1.5,第二食堂,一楼,2,abc
尖椒茄子包,1.5,第二食堂,一楼,2,abc
豆沙包,1.5,第二食堂,一楼,2,abc
酱香饼,3,第二食堂,一楼,2,abc
香酥油条,2,第二食堂,一楼,2,abc
豆浆,2,第二食堂,一楼,2,abc
烧麦,1.5,第二食堂,一楼,2,abc
豆腐脑,2,第二食堂,一楼,2,abc
小米南瓜粥,2,第二食堂,一楼,2,abc
黑米八宝粥,2,第二食堂,一楼,2,abc
皮蛋瘦肉粥,2,第二食堂,一楼,2,abc
牛奶燕麦粥,2,第二食堂,一楼,2,abc
海南椰奶,2,第二食堂,一楼,2,abc
红烧肉饭,15,第二食堂,一楼,7,bc
烤肉饭,15,第二食堂,一楼,7,bc
潮汕肉卷饭,12,第二食堂,一楼,7,bc
香酥鸡排饭,14,第二食堂,一楼,7,bc
香卤麻辣鸡丝饭,13,第二食堂,一楼,7,bc
奥尔良鸡扒饭,13,第二食堂,一楼,7,bc
香卤麻辣鸡架饭,12,第二食堂,一楼,7,bc
黑椒鸡扒饭,13,第二食堂,一楼,7,bc
香卤麻辣烤肠饭,12,第二食堂,一楼,7,bc
孜然酥肉饭,13,第二食堂,一楼,7,bc
脆皮鸡肉饭,12,第二食堂,一楼,7,bc
香卤酱香鸭饭,16,第二食堂,一楼,7,bc
香卤猪肘饭,15,第二食堂,一楼,7,bc
香卤酱香鸡饭,16,第二食堂,一楼,7,bc
番茄牛肉饭,16.8,第二食堂,一楼,7,bc
招牌牛肉饭,16,第二食堂,一楼,7,bc
咖喱牛肉饭,16,第二食堂,一楼,7,bc
标准咖喱饭,11,第二食堂,一楼,9,bc
韩式炸鸡咖喱饭,14,第二食堂,一楼,9,bc
日式猪排咖喱饭,15,第二食堂,一楼,9,bc
牛肉可乐饼咖喱饭,13,第二食堂,一楼,9,bc
天妇罗蟹柳咖喱饭,14,第二食堂,一楼,9,bc
小酥肉咖喱饭,13,第二食堂,一楼,9,bc
鸡排咖喱饭,14,第二食堂,一楼,9,bc
鸡柳咖喱饭,13,第二食堂,一楼,9,bc
番茄意面,10,第二食堂,一楼,9,bc
黑椒意面,10,第二食堂,一楼,9,bc
素炒米粉,13,第二食堂,一楼,10,bc
鸡肉炒米粉,14.8,第二食堂,一楼,10,bc
牛肉炒米粉,16.8,第二食堂,一楼,10,bc
鱼豆腐炒米粉,13.8,第二食堂,一楼,10,bc
龙虾排炒米粉,13.8,第二食堂,一楼,10,bc
培根炒米粉,13.8,第二食堂,一楼,10,bc
腊肠炒米粉,13.8,第二食堂,一楼,10,bc
香肠炒米粉,13.8,第二食堂,一楼,10,bc
鸡蛋炒米粉,13.8,第二食堂,一楼,10,bc
茄子铁板烧饭,13,第二食堂,一楼,10,bc
杏鲍菇铁板烧饭,13,第二食堂,一楼,10,bc
黑椒鸡铁板烧饭,13,第二食堂,一楼,10,bc
孜然鸡肉铁板烧饭,13,第二食堂,一楼,10,bc
孜然培根铁板烧饭,14,第二食堂,一楼,10,bc
青椒炒鸡铁板烧饭,14,第二食堂,一楼,10,bc
藤椒炒鸡铁板烧饭,14,第二食堂,一楼,10,bc
黑椒牛肉铁板烧饭,18,第二食堂,一楼,10,bc
牛肉汤面,10,第二食堂,一楼,11,bc
招牌拌面,10,第二食堂,一楼,11,bc
牛肉汤米粉,10,第二食堂,一楼,11,bc
葱油拌面,10,第二食堂,一楼,11,bc
牛肉汤粉丝,10,第二食堂,一楼,,11bc
鱼香拌面,10,第二食堂,一楼,11,bc
牛杂汤面,10,第二食堂,一楼,11,bc
牛杂汤米粉,10,第二食堂,一楼,11,bc
蒜香麻汁拌面,10,第二食堂,一楼,11,bc
牛杂汤粉丝,10,第二食堂,一楼,11,bc
火鸡面,10,第二食堂,一楼,11,bc
葱油饼,3,第二食堂,一楼,11,bc
玉米捞面,9,第二食堂,一楼,12,bc
黄牛筋捞面,10,第二食堂,一楼,12,bc
白牛筋捞面,10,第二食堂,一楼,12,bc
荞麦捞面,11,第二食堂,一楼,12,bc
状元捞面,13,第二食堂,一楼,12,bc
清汤面,7,第二食堂,一楼,12,bc
肉丝玉米汤面,9,第二食堂,一楼,12,bc
肉丝黄牛筋汤面,10,第二食堂,一楼,12,bc
肉丝白牛筋汤面,10,第二食堂,一楼,12,bc
肉丝荞麦汤面,11,第二食堂,一楼,12,bc
肉丝玉米拌面,11,第二食堂,一楼,12,bc
肉丝牛筋拌面,11,第二食堂,一楼,12,bc
肉丝荞麦拌面,12,第二食堂,一楼,12,bc
肉丝麻汁拌面,13,第二食堂,一楼,12,bc
锡纸粗粮面,9,贝壳食堂,,6,bc
锡纸花甲粉,11,贝壳食堂,,6,bc
牛丸花甲粉,13,贝壳食堂,,6,bc
鱼丸花甲粉,11,贝壳食堂,,6,bc
鱼豆腐花甲粉,13,贝壳食堂,,6,bc
鲜虾花甲粉,14,贝壳食堂,,6,bc
火腿花甲粉,11,贝壳食堂,,6,bc
香酥鸡肉粉丝(面),10,贝壳食堂,,6,bc
五花肉花甲粉,12,贝壳食堂,,6,bc
鱿鱼花甲粉,14,贝壳食堂,,6,bc
培根花甲粉,12,贝壳食堂,,6,bc
肥牛花甲粉,13,贝壳食堂,,6,bc
素三鲜粉丝(面),9,贝壳食堂,,6,bc
鸭血粉丝(面),9,贝壳食堂,,6,bc
酸辣鸭血粉丝(面),9,贝壳食堂,,6,bc
鱼丸粉丝(面),9,贝壳食堂,,6,bc
培根粉丝(面),10,贝壳食堂,,6,bc
鱼豆腐粉丝(面),12,贝壳食堂,,6,bc
五花肉粉丝(面),10,贝壳食堂,,6,bc
自选快餐,18.8,贝壳食堂,,1,bc
虾仁三鲜水饺,17,贝壳食堂,,7,bc
皮皮虾三鲜水饺,17,贝壳食堂,,7,bc
牛肉大葱水饺,15,贝壳食堂,,7,bc
猪肉大葱水饺,14,贝壳食堂,,7,bc
猪肉香菇水饺,14,贝壳食堂,,7,bc
猪肉白菜水饺,14,贝壳食堂,,7,bc
猪肉韭菜水饺,14,贝壳食堂,,7,bc
猪肉芹菜水饺,14,贝壳食堂,,7,bc
猪肉茴香水饺,14,贝壳食堂,,7,bc
茴香鸡蛋水饺,13,贝壳食堂,,7,bc
韭菜鸡蛋水饺,13,贝壳食堂,,7,bc
驴肉锅贴,22,贝壳食堂,,7,bc
牛肉锅贴,20,贝壳食堂,,7,bc
猪肉锅贴,18,贝壳食堂,,7,bc
小白菜锅贴,16,贝壳食堂,,7,bc
卤煮,18,贝壳食堂,,8,bc
羊杂汤,12,贝壳食堂,,8,bc
羊肉汤,18,贝壳食堂,,8,bc
葱油拌面,8,贝壳食堂,,9,bc
西红柿鸡蛋面,9,贝壳食堂,,9,bc
肉沫酸豆角拌面,11,贝壳食堂,,9,bc
香菇鸡块面面,12,贝壳食堂,,9,bc
红烧牛肉面,15,贝壳食堂,,9,bc
炸酱面,11,贝壳食堂,,9,bc
榨菜肉丝面（拌）,12,贝壳食堂,,9,bc
孜然肉片面（拌）,12,贝壳食堂,,9,bc
羊杂面,13,贝壳食堂,,9,bc
排骨面,15,贝壳食堂,,9,bc
麻辣烫,17.8,贝壳食堂,,10,bc
麻辣拌,17.8,贝壳食堂,,10,bc
麻婆豆腐盖饭,10,贝壳食堂,,11,bc
西红柿鸡蛋盖饭,10,贝壳食堂,,11,bc
地三鲜盖饭,11,贝壳食堂,,11,bc
红烧茄子盖饭,11,贝壳食堂,,11,bc
葱花鸡蛋盖饭,11,贝壳食堂,,11,bc
川味土豆泥盖饭,11,贝壳食堂,,11,bc
鱼香茄子盖饭,12,贝壳食堂,,11,bc
孜然肉片盖饭,13,贝壳食堂,,11,bc
鱼香肉丝盖饭,13,贝壳食堂,,11,bc
尖椒肉丝盖饭,13,贝壳食堂,,11,bc
土豆鸡丁盖饭,13,贝壳食堂,,11,bc
土豆丝肉丝盖饭,13,贝壳食堂,,11,bc
宫保鸡丁盖饭,13,贝壳食堂,,11,bc
辣子鸡丁盖饭,13,贝壳食堂,,11,bc
京酱肉丝盖饭,13,贝壳食堂,,11,bc
葱爆肉盖饭,13,贝壳食堂,,11,bc
川香回锅肉盖饭,15,贝壳食堂,,11,bc
土豆红烧肉盖饭,16,贝壳食堂,,11,bc
红烧豆腐盖饭,9,贝壳食堂,,11,bc
小炒肉盖饭,13,贝壳食堂,,11,bc
木须肉盖饭,13,贝壳食堂,,11,bc
糖醋里脊盖饭,16,贝壳食堂,,11,bc
黑椒牛柳盖饭,18,贝壳食堂,,11,bc
土豆牛肉盖饭,18,贝壳食堂,,11,bc
醋溜土豆丝盖饭,9,贝壳食堂,,11,bc
酸辣土豆丝盖饭,9,贝壳食堂,,11,bc
蛋炒饭,10,贝壳食堂,,11,bc
老干妈鸡蛋炒饭,12,贝壳食堂,,11,bc
土豆肉片盖饭,13,贝壳食堂,,11,bc
豆浆,1.5,贝壳食堂,,12,a
油条,1.5,贝壳食堂,,12,a
五香烧饼,2,贝壳食堂,,12,a
豆腐脑,2,贝壳食堂,,12,a
南瓜粥,2,贝壳食堂,,12,a
素包,1.5,贝壳食堂,,12,a
水煎包,2,贝壳食堂,,12,a
小米粥,2,贝壳食堂,,12,a
麻团,2,贝壳食堂,,12,a
肉包,2,贝壳食堂,,12,a
酱香饼,2.5,贝壳食堂,,12,a
黑米粥,2,贝壳食堂,,12,a
皮蛋瘦肉粥,2,贝壳食堂,,12,a
青椒火腿饼,3,贝壳食堂,,12,a
肉夹馍,5,贝壳食堂,,12,a
馒头,1,贝壳食堂,,14,a
花卷,1.5,贝壳食堂,,14,a
豆包,2,贝壳食堂,,14,a
发糕,2,贝壳食堂,,14,a
素馅饼,2,贝壳食堂,,14,a
肉饼,4,贝壳食堂,,14,a
麻将馒头,1.5,贝壳食堂,,14,a
酱香饼,2.5,贝壳食堂,,14,a
肉笼,2.5,贝壳食堂,,14,a
水煎包,2,贝壳食堂,,14,
烤盘饭,49.5,第一食堂,一楼,1,bc
酸汤面,10,第一食堂,一楼,2,bc
肉丁面,12,第一食堂,一楼,2,bc
排骨面,14,第一食堂,一楼,2,bc
牛杂面,14,第一食堂,一楼,2,bc
西红柿鸡蛋汤面,10,第一食堂,一楼,2,bc
鸡肉鸡汤面,11,第一食堂,一楼,2,bc
臊子鸡汤面,12,第一食堂,一楼,2,bc
西红柿鸡蛋臊子汤面,12,第一食堂,一楼,2,bc
酸菜肉丝面,12,第一食堂,一楼,2,bc
红烧牛肉面,15,第一食堂,一楼,2,bc
番茄牛肉面,15,第一食堂,一楼,2,bc
酸菜牛肉面,15,第一食堂,一楼,2,bc
砂锅面,12,第一食堂,一楼,2,bc
砂锅土豆粉,11,第一食堂,一楼,2,bc
砂锅两参,12,第一食堂,一楼,2,bc
砂锅番茄土豆粉,11,第一食堂,一楼,2,bc
油泼面,10,第一食堂,一楼,2,bc
炸酱肉沫面,11,第一食堂,一楼,2,bc
臊子干拌面,11,第一食堂,一楼,2,bc
剁椒干拌面,11,第一食堂,一楼,2,bc
西红柿鸡蛋油泼面,12,第一食堂,一楼,2,bc
火腿鸡蛋油泼面,13,第一食堂,一楼,,bc
大盘鸡拌面,13,第一食堂,一楼,2,bc
椒麻手撕拌面,13,第一食堂,一楼,2,bc
剁椒牛肉面,15,第一食堂,一楼,2,bc
麻酱鸡丝拌面,12,第一食堂,一楼,2,bc
麻酱火腿肉拌面,12,第一食堂,一楼,2,bc
麻酱剁椒肉拌面,12,第一食堂,一楼,2,bc
砂锅方便面,10,第一食堂,一楼,2,bc
砂锅肥牛土豆粉,14,第一食堂,一楼,2,bc
砂锅米线,12,第一食堂,一楼,2,bc
藤椒鸡拌面,13,第一食堂,一楼,2,bc
剁椒火腿肉拌面,13,第一食堂,一楼,2,bc
剁椒臊子拌面,12,第一食堂,一楼,2,bc
剁椒西红柿拌面,12,第一食堂,一楼,2,bc
西红柿炸酱拌面,12,第一食堂,一楼,2,bc
炸酱臊子拌面,12,第一食堂,一楼,2,bc
剁椒炸酱拌面,12,第一食堂,一楼,2,bc
原味猪肚鸡,14,第一食堂,一楼,3,bc
香辣猪肚鸡,15,第一食堂,一楼,3,bc
柠檬猪肚鸡,15,第一食堂,一楼,3,bc
番茄猪肚鸡,14,第一食堂,一楼,3,bc
藤椒猪肚鸡,15,第一食堂,一楼,3,bc
酸辣猪肚鸡,15,第一食堂,一楼,3,bc
原味钵钵鸡,13,第一食堂,一楼,3,bc
香辣钵钵鸡,14,第一食堂,一楼,3,bc
柠檬钵钵鸡,14,第一食堂,一楼,3,bc
番茄钵钵鸡,13,第一食堂,一楼,3,bc
藤椒钵钵鸡,14,第一食堂,一楼,3,bc
酸辣钵钵鸡,14,第一食堂,一楼,3,bc
原味米粉,12,第一食堂,一楼,5,bc
肉沫米粉,14,第一食堂,一楼,5,bc
笋尖米粉,14,第一食堂,一楼,5,bc
肥肠米粉,16,第一食堂,一楼,5,bc
牛肉米粉,16,第一食堂,一楼,5,bc
腊肠米粉,14,第一食堂,一楼,5,bc
蟹棒米粉,14,第一食堂,一楼,5,bc
鱼豆腐米粉,14,第一食堂,一楼,5,bc
南昌拌粉（面）,12,第一食堂,一楼,5,bc
笋尖拌粉（面）,14,第一食堂,一楼,5,bc
肉沫拌粉（面）,14,第一食堂,一楼,5,bc
酸辣粉,10,第一食堂,一楼,5,bc
肉沫酸辣粉,14,第一食堂,一楼,5,bc
笋尖酸辣粉,14,第一食堂,一楼,5,bc
肥肠酸辣粉,16,第一食堂,一楼,5,bc
牛肉酸辣粉,16,第一食堂,一楼,5,bc
螺蛳粉,13,第一食堂,一楼,5,bc
鱼豆腐螺蛳粉,15,第一食堂,一楼,5,bc
肥肠螺蛳粉,16,第一食堂,一楼,5,bc
牛肉螺蛳粉,16,第一食堂,一楼,5,bc
笋尖螺蛳粉,14,第一食堂,一楼,5,bc
肉沫小面,14,第一食堂,一楼,5,bc
笋尖小面,14,第一食堂,一楼,5,bc
肥肠小面,16,第一食堂,一楼,5,bc
秘制牛肉面,16,第一食堂,一楼,5,bc
酸辣面,10,第一食堂,一楼,5,bc
鲜肉包,2,第一食堂,一楼,6,a
素包,2,第一食堂,一楼,6,a
梅干菜包,2,第一食堂,一楼,6,a
红豆豆沙包,2,第一食堂,一楼,6,a
糖桂花方糕,2,第一食堂,一楼,6,a
风味葱油饼,2,第一食堂,一楼,6,a
红糖糖三角,0.8,第一食堂,一楼,6,a
康发大肉卷,2.5,第一食堂,一楼,6,a
特大大油条,2.5,第一食堂,一楼,6,a
牛肉馅饼,4.5,第一食堂,一楼,6,a
猪肉馅饼,4.5,第一食堂,一楼,6,a
红糖开花馒头,1.5,第一食堂,一楼,6,a
烧麦,1.5,第一食堂,一楼,6,a
玉米热狗卷,2,第一食堂,一楼,6,a
玉米鲜肉蒸饺,2,第一食堂,一楼,6,a
粉丝猪肉蒸饺,2,第一食堂,一楼,6,a
甜玉米棒,4,第一食堂,一楼,6,a
卤水煮蛋,1.5,第一食堂,一楼,6,a
茶叶蛋,1.5,第一食堂,一楼,6,a
手工现磨豆浆,1.5,第一食堂,一楼,6,a
小米粥,2,第一食堂,一楼,6,a
杂粮八宝粥,2,第一食堂,一楼,6,a9
铁板猪排饭,12.8,第一食堂,一楼,8,bc
铁板黑椒肉扒饭,12.8,第一食堂,一楼,8,bc
铁板台湾烧鸭饭,12.8,第一食堂,一楼,8,bc
铁板照烧鸡饭,12.8,第一食堂,一楼,8,bc
铁板湖南剁椒鱼饭,13.8,第一食堂,一楼,8,bc
铁板酱爆鱿鱼须饭,14.8,第一食堂,一楼,8,bc
骨汤麻辣烫,18.8,第一食堂,一楼,9,bc
番茄麻辣烫,19.8,第一食堂,一楼,9,bc
酱香麻辣拌,19.8,第一食堂,一楼,9,bc
猪肉莲藕水饺,12,第一食堂,一楼,10,bc
猪肉三鲜水饺,11,第一食堂,一楼,10,bc
猪肉玉米水饺,11,第一食堂,一楼,10,bc
猪肉白菜水饺,11,第一食堂,一楼,10,bc
鲜肉馄饨,6.5,第一食堂,一楼,10,bc
鲜虾馄饨,6.5,第一食堂,一楼,10,bc
鲜肉玉米馄饨,6.5,第一食堂,一楼,10,bc
干拌馄饨,12,第一食堂,一楼,10,bc
三鲜小笼包,7,第一食堂,一楼,11,abc
鲜肉小笼包,6,第一食堂,一楼,11,abc
鲜肉蒸饺,6,第一食堂,一楼,11,abc
鲜肉烧麦,6,第一食堂,一楼,11,abc
白菜鸡蛋包,5,第一食堂,一楼,11,abc
西葫芦鸡蛋包,5,第一食堂,一楼,11,abc
八宝粥,2,第一食堂,一楼,11,abc
小米粥,2,第一食堂,一楼,11,abc
鸡蛋汤,3,第一食堂,一楼,11,abc
豆浆,1.5,第一食堂,一楼,11,abc
五香蛋,1.5,第一食堂,一楼,11,abc
馄饨,5,第一食堂,一楼,11,13aa
黑椒鸡块,5,第一食堂,一楼,12,bc
椒麻鸡米花,6,第一食堂,一楼,12,bc
霸王鸡架,6,第一食堂,一楼,12,bc
辣卤翅根,7,第一食堂,一楼,12,bc
藤椒鸡腿堡,7,第一食堂,一楼,12,bc
香辣鸡腿堡,7,第一食堂,一楼,12,bc
原味鸡腿堡,7,第一食堂,一楼,12,bc
香辣鸡肉卷,7,第一食堂,一楼,12,bc
板烧鸡腿堡,7,第一食堂,一楼,12,bc
板烧鸡肉卷,7,第一食堂,一楼,12,bc
芝芝厚牛堡,14,第一食堂,一楼,12,bc
黑松露风味牛堡,14,第一食堂,一楼,12,bc
咔咔脆鸡腿,6,第一食堂,一楼,12,bc
香辣鸡排,9,第一食堂,一楼,12,bc
五香饼,2,第一食堂,一楼,13,a
白糖饼,2,第一食堂,一楼,13,a
豆沙饼,2,第一食堂,一楼,13,a
孜然火腿饼,3.5,第一食堂,一楼,13,a
酱香饼,3,第一食堂,一楼,13,a
鸡蛋饼,4,第一食堂,一楼,13,a
青椒火腿饼,3,第一食堂,一楼,13,a
鸡蛋火腿饼,5,第一食堂,一楼,13,a
香酥牛肉饼,7,第一食堂,一楼,13,a
手抓饼,6,第一食堂,一楼,13,a
鸡蛋灌饼,5.5,第一食堂,一楼,13,a
饼夹腿排,6.5,第一食堂,一楼,13,a
土豆丝卷饼,5.5,第一食堂,一楼,13,a
鱼豆腐饼,4.5,第一食堂,一楼,13,a
鸡肉卷,5.5,第一食堂,一楼,13,a
小米粥,2,第一食堂,一楼,13,a
八宝粥,2,第一食堂,一楼,13,a
牛奶燕麦粥,2,第一食堂,一楼,13,a
豆浆,1.5,第一食堂,一楼,13,a
茶叶蛋,1.5,第一食堂,一楼,13,a
杂粮煎饼,6,第一食堂,一楼,13,a
经典油泼面,14,第一食堂,一楼 陕味食族,,bc
油泼BB面,15,第一食堂,一楼 陕味食族,,bc
西红柿鸡蛋油泼面,14,第一食堂,一楼 陕味食族,,bc
干拌臊子面,13,第一食堂,一楼 陕味食族,,bc
藤椒鸡丁拌面,12,第一食堂,一楼 陕味食族,,bc
秘制肉酱面,12,第一食堂,一楼 陕味食族,,bc
岐山臊子面,13,第一食堂,一楼 陕味食族,,bc
麻酱米皮,9,第一食堂,一楼 陕味食族,,bc
秘制米皮,9,第一食堂,一楼 陕味食族,,bc
汉中酸辣粉,10,第一食堂,一楼 陕味食族,,bc
香辣大盘鸡,19,第一食堂,一楼 陕味食族,,bc
酱香大盘鸡,19,第一食堂,一楼 陕味食族,,bc
经典腊汁肉夹馍,9,第一食堂,一楼 陕味食族,,bc
尖椒腊汁肉夹馍,9,第一食堂,一楼 陕味食族,,bc
藤椒鸡肉夹馍,7,第一食堂,一楼 陕味食族,,bc
奥尔良鸡排夹馍,7,第一食堂,一楼 陕味食族,,bc
鸡架拌面,9.9,第一食堂,二楼,6,bc
肉丁茄子拌面,9.9,第一食堂,二楼,6,bc
西红柿鸡蛋面,7.9,第一食堂,二楼,6,bc
肉丁炸酱面,9.9,第一食堂,二楼,6,bc
香菇肉丁拌面,9.9,第一食堂,二楼,6,bc
红烧肥肠面,14.9,第一食堂,二楼,6,bc
土豆肉沫拌面,9.9,第一食堂,二楼,6,bc
牛肉青汤面,9.9,第一食堂,二楼,6,bc
麻酱火腿拌面,9.9,第一食堂,二楼,6,bc
尖椒肉沫拌面,9.9,第一食堂,二楼,6,bc
红烧牛肉面,14.9,第一食堂,二楼,6,bc
小炖肉汤面,13.9,第一食堂,二楼,6,bc
鸭腿肉汤面,9.9,第一食堂,二楼,6,bc
招牌羊杂汤面,13,第一食堂,二楼,7,bc
金汤羊杂汤面,13,第一食堂,二楼,7,bc
酸辣羊杂汤面,13,第一食堂,二楼,7,bc
白切牛肉汤面,13,第一食堂,二楼,7,bc
红烧牛肉面,15,第一食堂,二楼,7,bc
麻酱牛肉拌面,15,第一食堂,二楼,7,bc
油泼牛肉拌面,15,第一食堂,二楼,7,bc
香辣牛肚汤面,15,第一食堂,二楼,7,bc
麻酱牛肚拌面,15,第一食堂,二楼,7,bc
油泼牛肚拌面,15,第一食堂,二楼,7,bc
麻辣鸡丝汤面,13,第一食堂,二楼,7,bc
油泼鸡丝拌面,13,第一食堂,二楼,7,bc
麻酱鸡丝拌面,13,第一食堂,二楼,7,bc
金汤肥牛面,15,第一食堂,二楼,7,bc
麻酱肥牛拌面,15,第一食堂,二楼,7,bc
油泼肥牛拌面,15,第一食堂,二楼,7,bc
热干面,10,第一食堂,二楼,7,bc
肉沫炸酱拌面,13,第一食堂,二楼,7,bc
剁椒肉沫拌面,13,第一食堂,二楼,7,bc
香辣肥肠面,15,第一食堂,二楼,7,bc
香辣爆肚面,15,第一食堂,二楼,7,bc
香辣牛肉面,15,第一食堂,二楼,7,bc
红烧排骨汤面,15,第一食堂,二楼,7,bc
酸菜肥肠汤面,13,第一食堂,二楼,7,bc
徐州肉酱汤面,13,第一食堂,二楼,7,bc
香辣牛杂汤面,13,第一食堂,二楼,7,bc
酸菜肉丝汤面,11,第一食堂,二楼,7,bc
香辣鸡丝面,13,第一食堂,二楼,7,bc
南昌拌粉,13,第一食堂,二楼,7,bc
香辣干锅鸡,12.9,第一食堂,二楼,8,bc
麻辣干锅鸡,12.9,第一食堂,二楼,8,bc
酱香干锅鸡,12.9,第一食堂,二楼,8,bc
孜然干锅鸡,12.9,第一食堂,二楼,8,bc
蜜汁干锅鸡,12.9,第一食堂,二楼,8,bc
藤椒干锅鸡,12.9,第一食堂,二楼,8,bc
椒麻干锅鸡,12.9,第一食堂,二楼,8,bc
麻辣鸡杂,12.9,第一食堂,二楼,8,bc
火腿滑蛋饭,10.9,第一食堂,二楼,8,bc
腊肠滑蛋饭,10.9,第一食堂,二楼,8,bc
培根滑蛋饭,10.9,第一食堂,二楼,8,bc
鸡丁滑蛋饭,11.9,第一食堂,二楼,8,bc
肉丁滑蛋饭,12.9,第一食堂,二楼,8,bc
肉卷滑蛋饭,12.9,第一食堂,二楼,8,bc
五花肉滑蛋饭,13.9,第一食堂,二楼,8,bc
肥牛滑蛋饭,13.9,第一食堂,二楼,8,bc
虾仁滑蛋饭,13.9,第一食堂,二楼,8,bc
石锅豆腐,10,第一食堂,二楼,10,bc
石锅土豆粉,10,第一食堂,二楼,10,bc
石锅鸡蛋,11,第一食堂,二楼,10,bc
石锅鸡蛋豆腐,12,第一食堂,二楼,10,bc
石锅烤肠,12,第一食堂,二楼,10,bc
石锅地三鲜,12,第一食堂,二楼,10,bc
石锅土豆培根,12,第一食堂,二楼,10,bc
石锅小鲜肉,13,第一食堂,二楼,10,bc
石锅奥尔良烤肉,14,第一食堂,二楼,10,bc
石锅小酥肉,15,第一食堂,二楼,10,bc
石锅鸡块,15,第一食堂,二楼,10,bc
石锅焖面,11,第一食堂,二楼,10,bc
石锅土豆焖面,13,第一食堂,二楼,10,bc
石锅金针菇焖面,13,第一食堂,二楼,10,bc
石锅培根焖面,14,第一食堂,二楼,10,bc
石锅烤肠焖面,14,第一食堂,二楼,10,bc
石锅鸡块焖面,15,第一食堂,二楼,10,bc
石锅肉卷焖面,15,第一食堂,二楼,10,bc
石锅烤肉焖面,15,第一食堂,二楼,10,bc
石锅小鲜肉焖面,15,第一食堂,二楼,10,bc
石锅小酥肉焖面,15,第一食堂,二楼,10,bc
鲜肉包,1.5,第三食堂,一楼,1,bc
台湾卤肉包,1.5,第三食堂,一楼,1,bc
肉末茄子包,1.5,第三食堂,一楼,1,bc
梅干菜肉包,1.5,第三食堂,一楼,1,bc
土豆牛肉包,2.5,第三食堂,一楼,1,bc
鱼香肉丝包,1.5,第三食堂,一楼,1,bc
香菇青菜包,1.5,第三食堂,一楼,1,bc
窝窝头,1.5,第三食堂,一楼,1,bc
红糖馒头,1.5,第三食堂,一楼,1,bc
烧麦,1.5,第三食堂,一楼,1,bc
酸奶包,2,第三食堂,一楼,1,bc
红豆馍,2,第三食堂,一楼,1,bc
玉米热狗卷,2,第三食堂,一楼,1,bc
玉米鸡汁汤包,2,第三食堂,一楼,1,bc
粉丝煎饺,2,第三食堂,一楼,1,bc
小笼包,6,第三食堂,一楼,1,bc
糯米鸡,4,第三食堂,一楼,1,bc
黑米粥,2,第三食堂,一楼,1,bc
小米南瓜粥,2,第三食堂,一楼,1,bc
红枣豆浆,2,第三食堂,一楼,1,bc
咖喱大块牛肉饭,14,第三食堂,一楼,2,bc
原汁土豆饭,10,第三食堂,一楼,2,bc
黑椒鸡扒饭,14,第三食堂,一楼,2,bc
烤肉饭,13,第三食堂,一楼,2,bc
可乐鸡饭,14,第三食堂,一楼,2,bc
隆江卤肉饭,15,第三食堂,一楼,2,bc
小酥肉,13,第三食堂,一楼,2,bc
锡纸叫花鸡,14,第三食堂,一楼,2,bc
外婆红烧肉饭,16,第三食堂,一楼,2,bc
麻辣大块牛肉饭,14,第三食堂,一楼,2,bc
香辣大块牛肉饭,14,第三食堂,一楼,2,bc
黑椒大块牛肉饭,14,第三食堂,一楼,2,bc
番茄大块牛肉饭,14,第三食堂,一楼,2,bc
把子肉,14,第三食堂,一楼,2,bc
杂粮煎饼,6,第三食堂,一楼,3,bc
卷饼,6,第三食堂,一楼,3,bc
鸡蛋灌饼,6,第三食堂,一楼,3,bc
掉渣饼,4.5,第三食堂,一楼,3,bc
清汤小面,8,第三食堂,一楼,4,bc
骨汤小面,8,第三食堂,一楼,4,bc
麻辣小面,8,第三食堂,一楼,4,bc
酸辣汤面,10,第三食堂,一楼,4,bc
泡椒小面,9,第三食堂,一楼,4,bc
酸菜小面,10,第三食堂,一楼,4,bc
肉沫小面,11,第三食堂,一楼,4,bc
豌豆小面,10,第三食堂,一楼,4,bc
泡椒鸡杂面,13,第三食堂,一楼,4,bc
碗杂小面,13,第三食堂,一楼,4,bc
牛肉小面,16,第三食堂,一楼,4,bc
肥牛小面,16,第三食堂,一楼,4,bc
红烧排骨面,16,第三食堂,一楼,4,bc
红烧肥肠面,16,第三食堂,一楼,4,bc
藤椒汤面,10,第三食堂,一楼,4,bc
骨汤鸡蛋面,9,第三食堂,一楼,4,bc
海带豆腐面,9,第三食堂,一楼,4,bc
番茄鸡蛋面,10,第三食堂,一楼,4,bc
骨汤刀削面,9,第三食堂,一楼,4,bc
襄阳鸭血面,10,第三食堂,一楼,4,bc
襄阳牛肉面,16,第三食堂,一楼,4,bc
襄阳牛杂面,16,第三食堂,一楼,4,bc
油泼面,8,第三食堂,一楼,4,bc
椒麻油泼,10,第三食堂,一楼,4,bc
油泼肉酱,12,第三食堂,一楼,4,bc
椒麻肉酱,13,第三食堂,一楼,4,bc
双椒肥牛,16,第三食堂,一楼,4,bc
油泼牛杂,16,第三食堂,一楼,4,bc
龙抄手,11,第三食堂,一楼,4,bc
新品清汤抄手,11,第三食堂,一楼,4,bc
骨汤抄手,11,第三食堂,一楼,4,bc
老麻抄手,11,第三食堂,一楼,4,bc
红油抄手,11,第三食堂,一楼,4,bc
南昌拌粉,10,第三食堂,一楼,4,bc
麻酱拌粉,10,第三食堂,一楼,4,bc
肉酱拌粉,12,第三食堂,一楼,4,bc
重庆拌粉,8,第三食堂,一楼,4,bc
麻辣米粉,9,第三食堂,一楼,4,bc
酸辣粉,12,第三食堂,一楼,4,bc
酸菜米粉,11,第三食堂,一楼,4,bc
豌豆米粉,11,第三食堂,一楼,4,bc
肉末米粉,12,第三食堂,一楼,4,bc
麻酱汤粉,12,第三食堂,一楼,4,bc
热干面,9,第三食堂,一楼,4,bc
葱油拌面,7,第三食堂,一楼,4,bc
川味藤椒拌面,9,第三食堂,一楼,4,bc
招牌肉酱面,12,第三食堂,一楼,4,bc
麻酱刀削面,10,第三食堂,一楼,4,bc
老北京炸酱面,11,第三食堂,一楼,4,bc
麻辣肉丁拌面,12,第三食堂,一楼,4,bc
肉臊子拌面,12,第三食堂,一楼,4,bc
泡汁宽粉,12,第三食堂,一楼,4,bc
担担面,12,第三食堂,一楼,4,bc
剁椒拌面,10,第三食堂,一楼,4,bc
香辣火鸡面,10,第三食堂,一楼,4,bc
招牌杂酱,12,第三食堂,一楼,4,bc
早餐面,6,第三食堂,一楼,4,bc
蛋炒饭,8,第三食堂,一楼,5,bc
老干妈炒饭,9,第三食堂,一楼,5,bc
培根炒饭,10,第三食堂,一楼,5,bc
腊肠炒饭,10,第三食堂,一楼,5,bc
玉米火腿炒饭,10,第三食堂,一楼,5,bc
鸡丁炒饭,12,第三食堂,一楼,5,bc
扬州炒饭,12,第三食堂,一楼,5,bc
鸡蛋火腿炒饭,10,第三食堂,一楼,5,bc
五香牛肉炒饭,14,第三食堂,一楼,5,bc
鱿鱼炒饭,14,第三食堂,一楼,5,bc
牛肉火锅面,10,第三食堂,一楼,6,bc
牛肉汤,10,第三食堂,一楼,6,bc
牛杂汤,11,第三食堂,一楼,6,bc
拆骨汤,12,第三食堂,一楼,6,bc
火腿滑蛋饭,10.8,第三食堂,一楼,6,bc
腊肠滑蛋饭,12.8,第三食堂,一楼,6,bc
奥尔良鸡丁滑蛋饭,13.8,第三食堂,一楼,6,bc
培根滑蛋饭,12.8,第三食堂,一楼,6,bc
鱼香鸡丁滑蛋饭,13.8,第三食堂,一楼,6,bc
小炒五花肉滑蛋饭,14.8,第三食堂,一楼,6,bc
泡菜五花肉滑蛋饭,14.8,第三食堂,一楼,6,bc
番茄肥牛滑蛋饭,15,第三食堂,一楼,6,bc
番茄鸡丁滑蛋饭,13.8,第三食堂,一楼,6,bc
泡菜鸡丁滑蛋饭,13.8,第三食堂,一楼,6,bc
鲜肉馄饨,9,第三食堂,一楼,7,bc
香菇馄饨,9,第三食堂,一楼,7,bc
玉米馄饨,9.5,第三食堂,一楼,7,bc
大葱馄饨,9.5,第三食堂,一楼,7,bc
全家福馄饨,9.5,第三食堂,一楼,7,bc
鲜肉水饺,12,第三食堂,一楼,7,bc
鲜肉白菜水饺,12,第三食堂,一楼,7,bc
鲜肉大葱水饺,12,第三食堂,一楼,7,bc
鲜肉香菇水饺,12,第三食堂,一楼,7,bc
鸡汤面（粉）,10,第三食堂,一楼,7,bc
馄饨面（粉）,11,第三食堂,一楼,7,bc
飘香拌面（粉）,6,第三食堂,一楼,7,bc
葱油拌面（粉）,6,第三食堂,一楼,7,bc
干拌减脂面,6,第三食堂,一楼,7,bc
香菇肉丝面,11,第三食堂,一楼,7,bc
馄饨鸡汤面（粉）,15,第三食堂,一楼,7,bc
汤圆,8,第三食堂,一楼,7,bc
烧麦,1,第三食堂,一楼,10,a
水煮蛋,1,第三食堂,一楼,10,a
黑米窝窝头,1,第三食堂,一楼,10,a
油条,1,第三食堂,一楼,10,a
小米粥,1,第三食堂,一楼,10,a
豆腐脑,2,第三食堂,一楼,10,a
鲜肉包,2,第三食堂,一楼,10,a
蔬菜鸡蛋饼,3,第三食堂,一楼,10,a
茶叶蛋,1.5,第三食堂,一楼,10,a
豆浆,1.5,第三食堂,一楼,10,a
黑米粥,2,第三食堂,一楼,10,a
蛋挞,2,第三食堂,一楼,10,a
梅菜包,1.5,第三食堂,一楼,10,a
紫薯发糕,3,第三食堂,一楼,10,a
粉丝煎饺,2,第三食堂,一楼,10,a
糯玉米,3.5,第三食堂,一楼,10,a
牛奶燕麦粥,2,第三食堂,一楼,10,a
酱香饼,2.5,第三食堂,一楼,10,a
雪菜包,1.5,第三食堂,一楼,10,a
土豆丝鸡蛋饼,3.5,第三食堂,一楼,10,a
五香饼,2,第三食堂,一楼,10,a
糯米鸡,4.5,第三食堂,一楼,10,a
糖糕,2,第三食堂,一楼,10,a
三明治,5,第三食堂,一楼,10,a
土豆丝卷饼,2,第三食堂,一楼,10,a
紫米饼,3.5,第三食堂,一楼,10,a
红糖发糕,3,第三食堂,一楼,10,a
鸡肉饼,5,第三食堂,一楼,10,a
麻园,2,第三食堂,一楼,10,a
蜜薯,8,第三食堂,一楼,10,a
烤肠卷饼,2.5,第三食堂,一楼,10,a
中式汉堡,5,第三食堂,一楼,10,a
紫薯包,3,第三食堂,一楼,10,a
牛肉饼,5,第三食堂,一楼,10,a
烤鸭饭,14,第三食堂,二楼,2,bc
卤鸡腿饭,10,第三食堂,二楼,2,bc
烧鸡饭,13,第三食堂,二楼,2,bc
卤鸭腿饭,12,第三食堂,二楼,2,bc
卤肉饭,15,第三食堂,二楼,2,bc
卤鸡饭,13,第三食堂,二楼,2,bc
猪脚饭,15,第三食堂,二楼,2,bc
奥尔良鸡腿饭,13,第三食堂,二楼,2,bc
蜜汁叉烧饭,15,第三食堂,二楼,2,bc
卤鸡腿,6,第三食堂,二楼,2,bc
卤鸭腿,7,第三食堂,二楼,2,bc
谷杂粮粉,9,第三食堂,二楼,5,bc
五谷爆汁鱼丸粉,11,第三食堂,二楼,5,bc
五谷渔豆腐粉,11,第三食堂,二楼,5,bc
五谷酥肉粉,13,第三食堂,二楼,5,bc
五谷肥牛粉,15,第三食堂,二楼,5,bc
藤椒渔粉,13,第三食堂,二楼,5,bc
黄金椒麻渔粉,13,第三食堂,二楼,5,bc
番茄渔粉,12,第三食堂,二楼,5,bc
原味渔粉,13,第三食堂,二楼,5,bc
麻辣渔粉,13,第三食堂,二楼,5,bc
香辣渔粉,13,第三食堂,二楼,5,bc
酸辣渔粉,13,第三食堂,二楼,5,bc
酸菜渔粉,13,第三食堂,二楼,5,bc
金汤渔粉,13,第三食堂,二楼,5,bc
金汤酸辣渔粉,13,第三食堂,二楼,5,bc
番茄玉米粉,11,第三食堂,二楼,5,bc
铁锅炒鸡,12,第三食堂,二楼,5,bc
铁锅炒鸭,13,第三食堂,二楼,5,bc
酥肉汤饭,15,第三食堂,二楼,5,bc
肉片汤饭,14,第三食堂,二楼,5,bc
鸭血汤饭,13,第三食堂,二楼,5,bc
水煮鱼饭,15,第三食堂,二楼,5,bc
招牌牛杂面,13,第三食堂,二楼,5,bc
牛杂套餐面,15,第三食堂,二楼,5,bc
清汤素面,9,第三食堂,二楼,5,bc
招牌麻酱拌面,10,第三食堂,二楼,5,bc
原汤螺蛳粉,11,第三食堂,二楼,6,bc
干捞螺蛳粉,12,第三食堂,二楼,6,bc
螺肉螺蛳粉,15,第三食堂,二楼,6,bc
红烧牛肉螺蛳粉,16,第三食堂,二楼,6,bc
酸辣苕粉,14,第三食堂,二楼,6,bc
全素米线,12,第三食堂,二楼,6,bc
竹轮卷米线,14,第三食堂,二楼,6,bc
蟹柳米线,14,第三食堂,二楼,6,bc
肥牛米线,15,第三食堂,二楼,6,bc
炸蛋米线,14,第三食堂,二楼,6,bc
酥肉米线,15,第三食堂,二楼,6,bc
麻酱鸡丝拌面,12,第三食堂,二楼,8,bc
麻酱蟹柳拌面,13,第三食堂,二楼,8,bc
麻酱肥牛拌面,15,第三食堂,二楼,8,bc
麻酱酥肉拌面,15,第三食堂,二楼,8,bc
麻辣蟹柳拌面,13,第三食堂,二楼,8,bc
麻辣肥牛拌面,15,第三食堂,二楼,8,bc
麻辣酥肉拌面,15,第三食堂,二楼,8,bc
酸辣鸡丝拌面,12,第三食堂,二楼,8,bc
酸辣蟹柳拌面,13,第三食堂,二楼,8,bc
酸辣肥牛拌面,15,第三食堂,二楼,8,bc
酸辣酥肉拌面,15,第三食堂,二楼,8,bc
羊杂面,13,第三食堂,二楼,9,bc
卤肉面,15,第三食堂,二楼,9,bc
牛肉面,15,第三食堂,二楼,9,bc
羊杂面,13,第三食堂,二楼,9,bc
辣肉面,12,第三食堂,二楼,9,bc
肉沫芽菜面,11,第三食堂,二楼,9,bc
酸菜面,11,第三食堂,二楼,9,bc
酸豆角面,11,第三食堂,二楼,9,bc
辣肉拌面,12,第三食堂,二楼,9,bc
麻酱鸡丝拌面,11,第三食堂,二楼,9,bc
酸菜拌面,11,第三食堂,二楼,9,bc
酸豆角拌面,11,第三食堂,二楼,9,bc
肉沫芽菜拌面,11,第三食堂,二楼,9,bc
炸酱面,11,第三食堂,二楼,9,bc
鸡蛋炸酱面,9,第三食堂,二楼,9,bc
混合炸酱面,10,第三食堂,二楼,9,bc